Member ID,Title,First Name,Middle Initial,Last Name,Suffix,Company,Salutation
120,,,,,,Lethargy Network,Dear Lethargy Network
4,,Anne & Spence,,Adze,,,Dear Anne & Spence Adze
121,,,,,,Minnesota Capital LLC,Dear Minnesota Capital LLC
122,,,,,,Minnesota Coastal Heritage Trust,Dear Minnesota Coastal Heritage Trust
12,,Lucille,,Ball,,,Dear Lucille Ball
119,,Lamar,,Odom,,,Dear Lamar Odom
8,,Emily,,Andreas,,,Dear Emily Andreas
7,,Andra,S,Bruce,,,Dear Andra S Bruce
128,,Rick,,Rangel,,,Dear Rick Rangel
5,,,,,,"Ambuehl Jackson, LLP","Dear Ambuehl Jackson, LLP"
6,,Conrad & Gigi,,Ambuehl,,,Dear Conrad & Gigi Ambuehl
9,,Susan,Jones,Ash,,,Dear Susan Jones Ash
138,,darryl,,asher,,,Dear darryl asher
137,,James,,asher,,,Dear James asher
13,,Barbara,,hayes,,,Dear Barbara hayes
14,,David & Mary,,Barnett,,,Dear David & Mary Barnett
15,,Angela,,Bell,,,Dear Angela Bell
16,,David,L,Bender-Fayette,,,Dear David L Bender-Fayette
17,,Thomas & Dina,,Bender-Fayette,,,Dear Thomas & Dina Bender-Fayette
18,,Leroy & Aurelia,,Bense,,,Dear Leroy & Aurelia Bense
20,,Billy,R,Cyrus,,,Dear Billy R Cyrus
78,,,,,,EKG & Co. INC.,Dear EKG & Co. INC.
21,,Peggy,,Black,,,Dear Peggy Black
22,,James,,Blackburn,,,Dear James Blackburn
23,,Russell,,Blount,,,Dear Russell Blount
68,,Russell,,Blount,,,Dear Russell Blount
24,,Barry,,Bolson,,,Dear Barry Bolson
25,,Bonnie,,Ketterman,,,Dear Bonnie Ketterman
31,,Keith & Susan,,Brooker,,,Dear Keith & Susan Brooker
32,,Chad & Stephanie,,Broth,,,Dear Chad & Stephanie Broth
30,,Stephen & Jennifer,,Brokin,,,Dear Stephen & Jennifer Brokin
26,,William,,Brady,,,Dear William Brady
27,,Jill & Ruth,,Breland,,,Dear Jill & Ruth Breland
28,,Brent,S,Hider,,,Dear Brent S Hider
29,,Brian,J,Perry,,,Dear Brian J Perry
127,,cynthia,,Rhodes,,,Dear cynthia Rhodes
126,,William & Virginia,,Rhodes,,,Dear William & Virginia Rhodes
129,,Ben & Cathy,,Rivers,,,Dear Ben & Cathy Rivers
99,Dr.,Frank & Jackie,,Gray,,,Dear Dr. Frank & Jackie Gray
100,,Frank & Donna,,Gray,,,Dear Frank & Donna Gray
101,,William & Wendy,,Gray,,,Dear William & Wendy Gray
33,,Richard,,Bucci,,,Dear Richard Bucci
34,,Harold,,Buchman,,,Dear Harold Buchman
35,,Buddy & Mary,L,Buzz,,,Dear Buddy & Mary L Buzz
118,,,,,,Jimmie's Old Dutch,Dear Jimmie's Old Dutch
38,,Carl,D,Shackleton,,,Dear Carl D Shackleton
39,,Payton,,Carley,,,Dear Payton Carley
40,,Carollyne,,Thomas,,,Dear Carollyne Thomas
37,,David & Sally,,Carey,,,Dear David & Sally Carey
36,,John & Ann,,Car,,,Dear John & Ann Car
41,,Catherine,,Randall,,,Dear Catherine Randall
42,,Rachel,,Caz,,,Dear Rachel Caz
43,,Channing,A,Soffit,,,Dear Channing A Soffit
44,,Mark,,Chapman,,,Dear Mark Chapman
45,,Charles,,Bowman,,,Dear Charles Bowman
46,,Charles,G,Seigert,,,Dear Charles G Seigert
47,,Chris,H,Cyrus,,,Dear Chris H Cyrus
49,,Cissy,,Haim,,,Dear Cissy Haim
50,,Liz,,Claiborne,,,Dear Liz Claiborne
51,,Christoper,,Clarke,,,Dear Christoper Clarke
52,,Alvis & Barbara,,Clint,,,Dear Alvis & Barbara Clint
53,,Elise & Bruce,,Coldsmith,,,Dear Elise & Bruce Coldsmith
75,,Table,,Drop,,,Dear Table Drop
74,,"
Table",,Drop,,,"Dear 
Table Drop"
112,Mrs.,Thelma,,Homer,,,Dear Mrs. Thelma Homer
113,,Kitty & Rod,,Hooke,,,Dear Kitty & Rod Hooke
54,,Freddy,,Corina,,,Dear Freddy Corina
55,,Cecil,,Crow,,,Dear Cecil Crow
139,,Danielle,,curd,,,Dear Danielle curd
106,,,,,,"Hart of Life Employment Services, LLC","Dear Hart of Life Employment Services, LLC"
56,,,,,,D's Electric,Dear D's Electric
57,,,,,,Daily Corporation,Dear Daily Corporation
58,,Clay,,Danielson,,,Dear Clay Danielson
107,,Charles & Elizabeth,,Hart,,,Dear Charles & Elizabeth Hart
59,,David,J,Kielek,,,Dear David J Kielek
60,,LJ,,Davis,,,Dear LJ Davis
62,,Catherine,,Deaton,,,Dear Catherine Deaton
63,,Ogden,,Deaton,,,Dear Ogden Deaton
134,,,,,,"Tree Paper Company, Inc.","Dear Tree Paper Company, Inc."
135,,Lamont & Marsyl,,Tree,,,Dear Lamont & Marsyl Tree
136,,Monty & Susan,,Tree,,,Dear Monty & Susan Tree
64,,Stephanie,,Dekle,,,Dear Stephanie Dekle
61,,David,,DeLa,,,Dear David DeLa
65,,Denise,C,Burch,,,Dear Denise C Burch
108,,Robert,,Henniston,,,Dear Robert Henniston
66,,Mona,,Denton,,,Dear Mona Denton
67,,Michael & Susan,,Divine,,,Dear Michael & Susan Divine
140,,Danielle,,doll,,,Dear Danielle doll
69,,Don,,Guy,,,Dear Don Guy
70,,Frank & Didi,,Donovan,,,Dear Frank & Didi Donovan
71,Dr,George,,Rucksack,Jr,,Dear Dr George Rucksack Jr
72,,Kennon,,Drawer,,,Dear Kennon Drawer
73,,William,,Drawer,,,Dear William Drawer
76,,Catherine,,Dubuisson,,,Dear Catherine Dubuisson
88,,Jean & George,E,Funn,,,Dear Jean & George E Funn
77,,E,C,Ellis,,,Dear E C Ellis
80,,Lee,,Echols,,,Dear Lee Echols
79,,,,,,EKG LLC,Dear EKG LLC
81,,Tamela & Richard,,Esham,,,Dear Tamela & Richard Esham
83,,Norman,,Farrar,,,Dear Norman Farrar
84,,Mimi,,Fearn,,,Dear Mimi Fearn
124,,,,,,Quidditch Tourney/Great Chase income,Dear Quidditch Tourney/Great Chase income
85,,,,,,Fortuna Plastics,Dear Fortuna Plastics
86,,,,,,,Dear
93,,Floyd & Valerie,,Glazer,,,Dear Floyd & Valerie Glazer
87,,Frederick,A,Randall,,,Dear Frederick A Randall
90,,Joy & Reed,,Garner,,,Dear Joy & Reed Garner
89,,Sherry & Travis,,Gardner,,,Dear Sherry & Travis Gardner
91,,George,D,Labbe,,,Dear George D Labbe
92,,George,D,Labbe,,,Dear George D Labbe
94,,Glenn,H,Robinson,,,Dear Glenn H Robinson
95,,Thad,,Gogh,,,Dear Thad Gogh
96,,Jean,,Golden,,,Dear Jean Golden
97,,Dorothy,,Goodin,,,Dear Dorothy Goodin
11,,Russ & Billie,,Badloe,,,Dear Russ & Billie Badloe
125,,Charlie & Corinne,,Raddick,,,Dear Charlie & Corinne Raddick
98,,Bernadette,,Grant,,,Dear Bernadette Grant
102,,E,Hamilton,Green,,,Dear E Hamilton Green
48,,Chuck,M,Yeager,,,Dear Chuck M Yeager
123,,,,,,MinnesotaCoast Resource Cnservation & Develpment Council,Dear MinnesotaCoast Resource Cnservation & Develpment Council
10,,,,,,"Backbarth Delivery Service, Inc.","Dear Backbarth Delivery Service, Inc."
130,,Susan & Jay,,Shaefer,,,Dear Susan & Jay Shaefer
132,,Walter & Stephanie,,Shatner,,,Dear Walter & Stephanie Shatner
82,,Jubal & Tray,,Famil,,,Dear Jubal & Tray Famil
103,,,,,,Hancock Bank,Dear Hancock Bank
104,,Stewart,,Hanley,,,Dear Stewart Hanley
131,,Nancy & Mike,,Shanna,,,Dear Nancy & Mike Shanna
19,,,,,,Big D Engineers,Dear Big D Engineers
105,,Amelia,,Harrington,,,Dear Amelia Harrington
133,,,,,,Shiller Companies,Dear Shiller Companies
109,,Christopher,,Hiscox,,,Dear Christopher Hiscox
110,,Suzanne,,Hoff,,,Dear Suzanne Hoff
111,,Eric & Marcy,,Holiday,,,Dear Eric & Marcy Holiday
114,,Hoot,,Owl,,,Dear Hoot Owl
1,,Hoot,,Owl,,,Dear Hoot Owl
2,,Margie,,Wilcox,,,Dear Margie Wilcox
3,,Michael,,O'Dowd,,,Dear Michael O'Dowd
115,,,,,,"Jack Donaghey, Inc.","Dear Jack Donaghey, Inc."
116,,Leah,,Jarrell,,,Dear Leah Jarrell
117,,Jay,M,Carter,,,Dear Jay M Carter
